<MD_Metadata xmlns="http://www.isotc211.org/2005/gmd" xmlns:gco="http://www.isotc211.org/2005/gco" xmlns:gts="http://www.isotc211.org/2005/gts" xmlns:srv="http://www.isotc211.org/2005/srv" xmlns:gml="http://www.opengis.net/gml" xmlns:xlink="http://www.w3.org/1999/xlink" xmlns:xsi="http://www.w3.org/2001/XMLSchema-instance">
  <language>
    <LanguageCode codeList="http://www.loc.gov/standards/iso639-2/php/code_list.php" codeListValue="eng" codeSpace="ISO639-2">eng</LanguageCode>
  </language>
  <characterSet>
    <MD_CharacterSetCode codeList="http://www.isotc211.org/2005/resources/Codelist/gmxCodelists.xml#MD_CharacterSetCode" codeListValue="utf8" codeSpace="ISOTC211/19115">utf8</MD_CharacterSetCode>
  </characterSet>
  <hierarchyLevel>
    <MD_ScopeCode codeList="http://www.isotc211.org/2005/resources/Codelist/gmxCodelists.xml#MD_ScopeCode" codeListValue="dataset" codeSpace="ISOTC211/19115">dataset</MD_ScopeCode>
  </hierarchyLevel>
  <hierarchyLevelName>
    <gco:CharacterString>dataset</gco:CharacterString>
  </hierarchyLevelName>
  <contact>
    <CI_ResponsibleParty>
      <individualName>
        <gco:CharacterString>Tomas Soukup</gco:CharacterString>
      </individualName>
      <organisationName>
        <gco:CharacterString>GISAT</gco:CharacterString>
      </organisationName>
      <role>
        <CI_RoleCode codeList="http://www.isotc211.org/2005/resources/Codelist/gmxCodelists.xml#CI_RoleCode" codeListValue="pointOfContact" codeSpace="ISOTC211/19115">pointOfContact</CI_RoleCode>
      </role>
    </CI_ResponsibleParty>
  </contact>
  <contact>
    <CI_ResponsibleParty>
      <individualName>
        <gco:CharacterString>Andreas Litkopf</gco:CharacterString>
      </individualName>
      <organisationName>
        <gco:CharacterString>European Topic Centre on Urban, land and soil systems (ETC ULS), European Environment Agency</gco:CharacterString>
      </organisationName>
      <contactInfo>
        <CI_Contact>
          <address>
            <CI_Address>
              <deliveryPoint>
                <gco:CharacterString>Environment Agency Austria, Spittelauer Lande 5</gco:CharacterString>
              </deliveryPoint>
              <city>
                <gco:CharacterString>Wien</gco:CharacterString>
              </city>
              <postalCode>
                <gco:CharacterString>1090</gco:CharacterString>
              </postalCode>
              <country>
                <Country codeList="http://www.iso.org/iso/country_codes/iso_3166_code_lists.htm" codeListValue="AT" codeSpace="ISO3166-1">AT</Country>
              </country>
              <electronicMailAddress>
                <gco:CharacterString>andreas.littkopf@umweltbundesamt.at</gco:CharacterString>
              </electronicMailAddress>
            </CI_Address>
          </address>
        </CI_Contact>
      </contactInfo>
    </CI_ResponsibleParty>
  </contact>
  <dateStamp>
    <gco:Date>2016-02-22</gco:Date>
  </dateStamp>
  <metadataStandardName>
    <gco:CharacterString>INSPIRE Metadata Implementing Rules: Technical Guidelines based on EN ISO 19115 and EN ISO 19119</gco:CharacterString>
  </metadataStandardName>
  <metadataStandardVersion>
    <gco:CharacterString>V. 1.2</gco:CharacterString>
  </metadataStandardVersion>
  <spatialRepresentationInfo>
    <MD_VectorSpatialRepresentation>
      <topologyLevel>
        <MD_TopologyLevelCode codeList="http://www.isotc211.org/2005/resources/Codelist/gmxCodelists.xml#MD_TopologyLevelCode" codeListValue="geometryOnly" codeSpace="ISOTC211/19115">geometryOnly</MD_TopologyLevelCode>
      </topologyLevel>
      <geometricObjects>
        <MD_GeometricObjects>
          <geometricObjectType>
            <MD_GeometricObjectTypeCode codeList="http://www.isotc211.org/2005/resources/Codelist/gmxCodelists.xml#MD_GeometricObjectTypeCode" codeListValue="composite" codeSpace="ISOTC211/19115">composite</MD_GeometricObjectTypeCode>
          </geometricObjectType>
          <geometricObjectCount>
            <gco:Integer>2375056</gco:Integer>
          </geometricObjectCount>
        </MD_GeometricObjects>
      </geometricObjects>
    </MD_VectorSpatialRepresentation>
  </spatialRepresentationInfo>
  <referenceSystemInfo>
    <MD_ReferenceSystem>
      <referenceSystemIdentifier>
        <RS_Identifier>
          <code>
            <gco:CharacterString>3035</gco:CharacterString>
          </code>
          <codeSpace>
            <gco:CharacterString>EPSG</gco:CharacterString>
          </codeSpace>
          <version>
            <gco:CharacterString>8.1(9.0.0)</gco:CharacterString>
          </version>
        </RS_Identifier>
      </referenceSystemIdentifier>
    </MD_ReferenceSystem>
  </referenceSystemInfo>
  <metadataExtensionInfo>
    <MD_MetadataExtensionInformation>
      <extendedElementInformation>
        <MD_ExtendedElementInformation>
          <name>
            <gco:CharacterString>EEABriefAbstract</gco:CharacterString>
          </name>
          <shortName>
            <gco:CharacterString>BrfAbsEEA</gco:CharacterString>
          </shortName>
          <definition>
            <gco:CharacterString>Brief narrative summary of the content of the dataset (max. 100 characters)</gco:CharacterString>
          </definition>
          <dataType gco:nilReason="missing" />
          <parentEntity>
            <gco:CharacterString>Metadata/dataIdInfo/</gco:CharacterString>
          </parentEntity>
          <rule gco:nilReason="missing" />
          <source gco:nilReason="missing" />
        </MD_ExtendedElementInformation>
      </extendedElementInformation>
      <extendedElementInformation>
        <MD_ExtendedElementInformation>
          <name>
            <gco:CharacterString>EEADatasetChanges</gco:CharacterString>
          </name>
          <shortName>
            <gco:CharacterString>DataChgEEA</gco:CharacterString>
          </shortName>
          <definition>
            <gco:CharacterString>Changes since last version of dataset</gco:CharacterString>
          </definition>
          <dataType gco:nilReason="missing" />
          <parentEntity>
            <gco:CharacterString>Metadata/dqInfo/</gco:CharacterString>
          </parentEntity>
          <rule gco:nilReason="missing" />
          <source gco:nilReason="missing" />
        </MD_ExtendedElementInformation>
      </extendedElementInformation>
      <extendedElementInformation>
        <MD_ExtendedElementInformation>
          <name>
            <gco:CharacterString>EEAPublishStatus</gco:CharacterString>
          </name>
          <shortName>
            <gco:CharacterString>PubStaEEA</gco:CharacterString>
          </shortName>
          <definition>
            <gco:CharacterString>Dataset and metadata publish status</gco:CharacterString>
          </definition>
          <dataType gco:nilReason="missing" />
          <parentEntity>
            <gco:CharacterString>Metadata/dqInfo/</gco:CharacterString>
          </parentEntity>
          <rule gco:nilReason="missing" />
          <source gco:nilReason="missing" />
        </MD_ExtendedElementInformation>
      </extendedElementInformation>
    </MD_MetadataExtensionInformation>
  </metadataExtensionInfo>
  <identificationInfo>
    <MD_DataIdentification>
      <citation>
        <CI_Citation>
          <title>
            <gco:CharacterString>Corine Land Cover 2018 European seamless vector database: STATUS 2006 layer (CLC2006)</gco:CharacterString>
          </title>
          <alternateTitle>
            <gco:CharacterString>CLC2006 European seamless vector data</gco:CharacterString>
          </alternateTitle>
          <date gco:nilReason="missing" />
          <edition>
            <gco:CharacterString>02/2016</gco:CharacterString>
          </edition>
          <presentationForm>
            <CI_PresentationFormCode codeList="http://www.isotc211.org/2005/resources/Codelist/gmxCodelists.xml#CI_PresentationFormCode" codeListValue="mapDigital" codeSpace="ISOTC211/19115">mapDigital</CI_PresentationFormCode>
          </presentationForm>
        </CI_Citation>
      </citation>
      <abstract>
        <gco:CharacterString>CLC2018is one of the datasets produced within the frame the Corine Land Cover programme referring to land cover / land use status of year 2018. The Corine Land Cover (CLC) is an European programme, coordinated by the European Environment Agency (EEA), providing consistent information on land cover and land cover changes across Europe. CLC products are based on the photointerpretation of satellite images by the national teams of the participating countries - the EEA member or cooperating countries. The resulting national land cover inventories are further integrated into a seamless land cover map of Europe. The resulting European database is based on standard methodology and nomenclature with following base parameters: - 44 classes in the hierarchical 3-level Corine nomenclature - minimum mapping unit (MMU) for status layers is 25 hectares - minimum width of linear elements is 100 metres - minimum mapping unit (MMU) for Land Cover Changes (LCC) for change layers is 5 hectares CLC programme provides important data sets supporting the implementation of key priority areas of the Environment Action Programmes of the European Community as protecting ecosystems, halting the loss of biological diversity, tracking the impacts of climate change, assessing developments in agriculture and implementing the EU Water Framework Directive etc.. CLC programme is also a part of the Copernicus Land Monitoring Service (https://land.copernicus.eu/) initiative, run by the European Commission and the European Environment Agency, which will provide environmental information from a combination of air- and space-based observation systems and in-situ monitoring. More about the Corine Land Cover (CLC) programme and datasets can be found at https://land.copernicus.eu/pan-european.</gco:CharacterString>
      </abstract>
      <pointOfContact>
        <CI_ResponsibleParty>
          <individualName>
            <gco:CharacterString>Tomas Soukup</gco:CharacterString>
          </individualName>
          <organisationName>
            <gco:CharacterString>Gisat</gco:CharacterString>
          </organisationName>
          <contactInfo>
            <CI_Contact />
          </contactInfo>
        </CI_ResponsibleParty>
      </pointOfContact>
      <descriptiveKeywords>
        <MD_Keywords>
          <keyword>
            <gco:CharacterString>Downloadable Data</gco:CharacterString>
          </keyword>
          <thesaurusName uuidref="723f6998-058e-11dc-8314-0800200c9a66" />
        </MD_Keywords>
      </descriptiveKeywords>
      <resourceConstraints>
        <MD_Constraints>
          <useLimitation>
            <gco:CharacterString>no conditions apply to access and use</gco:CharacterString>
          </useLimitation>
        </MD_Constraints>
      </resourceConstraints>
      <resourceConstraints>
        <MD_LegalConstraints>
          <otherConstraints>
            <gco:CharacterString>no limitations on public access</gco:CharacterString>
          </otherConstraints>
        </MD_LegalConstraints>
      </resourceConstraints>
      <spatialRepresentationType>
        <MD_SpatialRepresentationTypeCode codeList="http://www.isotc211.org/2005/resources/Codelist/gmxCodelists.xml#MD_SpatialRepresentationTypeCode" codeListValue="vector" codeSpace="ISOTC211/19115">vector</MD_SpatialRepresentationTypeCode>
      </spatialRepresentationType>
      <spatialResolution>
        <MD_Resolution>
          <equivalentScale>
            <MD_RepresentativeFraction>
              <denominator>
                <gco:Integer>100000</gco:Integer>
              </denominator>
            </MD_RepresentativeFraction>
          </equivalentScale>
        </MD_Resolution>
      </spatialResolution>
      <language>
        <LanguageCode codeList="http://www.loc.gov/standards/iso639-2/php/code_list.php" codeListValue="eng" codeSpace="ISO639-2">eng</LanguageCode>
      </language>
      <characterSet>
        <MD_CharacterSetCode codeList="http://www.isotc211.org/2005/resources/Codelist/gmxCodelists.xml#MD_CharacterSetCode" codeListValue="utf8" codeSpace="ISOTC211/19115">utf8</MD_CharacterSetCode>
      </characterSet>
      <topicCategory>
        <MD_TopicCategoryCode>environment</MD_TopicCategoryCode>
      </topicCategory>
      <environmentDescription>
        <gco:CharacterString>Microsoft Windows 7 Version 6.1 (Build 7601) Service Pack 1; Esri ArcGIS 10.5.0.6491</gco:CharacterString>
      </environmentDescription>
      <extent>
        <EX_Extent>
          <geographicElement>
            <EX_GeographicBoundingBox>
              <extentTypeCode>
                <gco:Boolean>true</gco:Boolean>
              </extentTypeCode>
              <westBoundLongitude>
                <gco:Decimal>-31.561261</gco:Decimal>
              </westBoundLongitude>
              <eastBoundLongitude>
                <gco:Decimal>44.820775</gco:Decimal>
              </eastBoundLongitude>
              <southBoundLatitude>
                <gco:Decimal>27.405827</gco:Decimal>
              </southBoundLatitude>
              <northBoundLatitude>
                <gco:Decimal>71.409109</gco:Decimal>
              </northBoundLatitude>
            </EX_GeographicBoundingBox>
          </geographicElement>
          <verticalElement>
            <EX_VerticalExtent>
              <minimumValue>
                <gco:Real>0</gco:Real>
              </minimumValue>
              <maximumValue>
                <gco:Real>0</gco:Real>
              </maximumValue>
              <verticalCRS gco:nilReason="other:see_referenceSystemInfo" />
            </EX_VerticalExtent>
          </verticalElement>
        </EX_Extent>
      </extent>
    </MD_DataIdentification>
  </identificationInfo>
  <distributionInfo>
    <MD_Distribution>
      <distributionFormat>
        <MD_Format>
          <name>
            <gco:CharacterString>File Geodatabase Feature Class</gco:CharacterString>
          </name>
          <version gco:nilReason="missing" />
        </MD_Format>
      </distributionFormat>
      <distributor>
        <MD_Distributor>
          <distributorContact gco:nilReason="missing" />
          <distributorFormat>
            <MD_Format>
              <name>
                <gco:CharacterString>File Geodatabase Feature Class</gco:CharacterString>
              </name>
              <version gco:nilReason="missing" />
            </MD_Format>
          </distributorFormat>
          <distributorTransferOptions>
            <MD_DigitalTransferOptions>
              <transferSize>
                <gco:Real>6.194</gco:Real>
              </transferSize>
            </MD_DigitalTransferOptions>
          </distributorTransferOptions>
        </MD_Distributor>
      </distributor>
      <transferOptions>
        <MD_DigitalTransferOptions />
      </transferOptions>
    </MD_Distribution>
  </distributionInfo>
  <dataQualityInfo>
    <DQ_DataQuality>
      <scope gco:nilReason="missing" />
      <lineage>
        <LI_Lineage>
          <statement>
            <gco:CharacterString>Vector CLC database was provided by National Teams within original CLC1990, I&amp;CLC2000 update, FTSP/CLC2006 update, CLC2012 update and CLC2018 update projects. All features in original vector database were classified and digitised based on satellite images with 100 m positional accuracy (according to CLC specifications) and 25 ha minimum mapping unit into the standardized CLC nomenclature (44 CLC classes).

European Corine Land Cover seamless DBs represent the final product of European data integration. The process of data integration started when national  deliveries have been accepted and the Database Acceptance Report (DBTA) delivered . Delivered national data were produced in local national systems of all participating countries. Each national Coordinate Reference System (CRS) definition had to be known precisely together with its geometric relationship to a standard system in order to accurately transfer all national data into a standard European coordinate reference - ETRS89/LAEA1052.
Mostly, the process itself was carried out by global equation-based transformation to ETRS89 (e.g. seven-parameters Bursa-Wolf methods). The accuracy of a particular transformation ranges from centimetres to meters depending on the method and the quality and number of control points available to define the transformation parameters, but, in any case, the accuracy is far above the actual CLC data resolution (for more details see the DBTA reports for particular country). National data, when transformed into the common European reference, are introduced into tiled pan-European structure and as final step seamless dataset is produced. 

In order to achieve production of the real seamless European database, the integration step includes also harmonization of database along country borders. It consists from edge-matching of land cover polygons from the national databases across national borders done by a verification / re-interpretation of the satellite images in the border regions (2 km wide strip along borders). The satellite images from IMAGE2000. CLC1990, CHA9000 and CLC2000 database were harmonized this way, but the order to priority was as following: CLC2000, both geometric and thematic adaptations of all polygons in a 2 km strip along national boundary lines; CHA9000 database to ensure that
changes in CLC2000 are consistent with the change database; corrected CLC90 (if provided by the MS); corrections were focused to geometric adaptations in semi-automatical way based on CLC00 and CHA00 databases. Border harmonization step has been skipped for CHA0006, CHA0612, CLC2012 and clc2018 datasets. Simplified border harmonization step for CLC2006 dataset has been created for these countries: CH, NO, XK, TR, IE.
A simplified border matching has been applied:
- &lt;25 ha polygons are NOT systematically removed (see next bullet).
- Sliver-like polygons (area &lt; cca. 5 ha - soft limit) are generalised to largest or thematically most similar neighbour.
- CLC-code differences in polygons along two sides of the border are NOT changed  
Only polygons with area &lt;= 0,1ha were eliminated in CHA0006, CHA0612, CHA1218, CLC2012 and for CLC2018 datasets and CLC2006 dataset (besides the above-mentioned cases) and in parts newly added in campaigns 2006 and 2012 too

File name is a combination of campaign year, reference year, inventory year and release version.

General file name format:	[Mapping_Campaign]_[CLC_Reference_Year]_[Created_Inventory_Year]_[Version]

Stable version example with file name CLC2006_CLC2000_V2018_20 means:
	CLC2006_ 	That the file came from the 2006 mapping campaign (the file content was last modified in this campaign)
	_CLC2000_ 	That the file captures Land Cover mapping results for 2000 reference year
	_V2018_		That this file comes from a delivery created in 2018 inventory year
	_20		That this is the final stable version

Beta-version example with file name CLC2006_CLC2000_V2018_20b2 means:
	CLC2006_ 	That the file came from the 2006 mapping campaign (the file content was last modified in this campaign)
	_CLC2000_ 	That the file captures Land Cover mapping results for 2000 reference year
	_V2018_		That this file comes from a delivery created in 2018 inventory year
	_20b2		That this is the second beta-version

Note: Data type changed from uint8 to uint16 for status rasters in 2018 release.     
Note2: Some artificial lines (dividing polygons with the same code) can be still present in database due to technical constraints of current ArcGIS technology, but has no impact for dataset contents and can be dissolved for data extracts.</gco:CharacterString>
          </statement>
        </LI_Lineage>
      </lineage>
    </DQ_DataQuality>
  </dataQualityInfo>
</MD_Metadata>